bug id, has_smell 
1232595, true 
1404366, true 
1712837, true 
2147009, true 
2735276, false 
3106438, true 
5057608, false 
5254577, true 
5343116, false 
5419032, false 
5452473, true 
5821364, true 
5866094, false 
6526420, true 
6823087, true 
7208882, true 
7296673, false 
7368679, false 
7381642, true 
8012229, true 
8076853, true 
8099739, true 
8135078, false 
9433509, false 
9580643, true 
9585450, false 
9739125, true 
9739772, false 
9946472, true 
10022222, true 
10415556, false 
10447005, false 
10527362, true 
10672559, true 
10861108, false 
10918591, true 
11224701, true 
11237727, false 
11256006, false 
11649073, true 
11661021, true 
11695070, true 
11736916, true 
11990465, true 
12250682, false 
12675943, false 
12785423, false 
12800232, false 
12894042, true 
13020924, true 
13104800, true 
13126748, false 
13176294, true 
13246857, true 
13248977, false 
13319202, false 
13343730, false 
13569372, true 
13639914, true 
13680438, false 
13787929, false 
14127601, true 
14279909, false 
14392811, true 
14650725, true 
14975169, false 
15193147, false 
15283594, true 
15347319, true 
15696340, false 
15804187, true 
15845915, true 
15922840, false 
15986349, true 
16142505, false 
16161518, false 
16186697, false 
16819131, true 
16875464, true 
16979045, false 
17112184, true 
17303292, true 
17345682, false 
17369696, false 
17478770, false 
17491725, false 
17571233, true 
17594306, true 
17723234, true 
17726921, true 
17733693, false 
17760225, false 
17760659, true 
17760671, true 
17857156, false 
17958582, false 
17987231, false 
18002358, true 
18048725, false 
18052916, false 
18056075, true 
18064192, false 
18088752, false 
18092307, false 
18113606, true 
18134313, true 
18143176, false 
18175853, false 
18178237, true 
18224038, true 
18237764, true 
18239590, true 
18247269, true 
18266674, true 
18276856, true 
18326557, false 
18386420, true 
18406595, true 
18411080, false 
18482784, false 
18483163, false 
18491424, false 
18502113, false 
18508263, true 
18543323, false 
18550276, false 
18568715, true 
18581716, true 
18591282, true 
18625739, true 
18629526, true 
18632512, false 
18642190, true 
18689171, true 
18707397, true 
18723951, true 
18724932, true 
18776546, false 
18778078, false 
18791346, false 
18821091, false 
18826179, true 
18864087, true 
18864800, true 
18903857, false 
18903923, false 
18920212, true 
18928352, false 
18930508, true 
18940278, false 
18949148, true 
19000727, true 
19051528, false 
19059885, false 
19062769, false 
19063113, true 
19067882, false 
19082426, false 
19098033, true 
19102311, false 
19118840, true 
19121797, false 
19125767, false 
19126514, true 
19127604, true 
19127753, false 
19129506, false 
19130917, false 
19159232, true 
19160983, true 
19169884, false 
19182305, false 
19186859, false 
19194758, false 
19199637, true 
19225708, true 
19232554, true 
19235243, false 
19294390, true 
19312280, false 
19330825, false 
19337627, true 
19340792, true 
19349693, false 
19371754, true 
19382871, true 
19397276, true 
19412589, false 
19412725, true 
19437552, false 
19440221, false 
19461810, true 
19470192, true 
19479861, true 
19509156, false 
19516826, false 
19520495, false 
19525200, true 
19531976, true 
19537384, false 
19538553, true 
19544351, true 
19555868, false 
19574976, true 
19582019, false 
19602257, false 
19609418, false 
19609468, true 
19612879, false 
19623656, true 
19642104, true 
19666434, true 
19668057, false 
19696844, false 
19704432, true 
19704592, false 
19706593, true 
19709691, false 
19712809, false 
19718330, false 
19797138, true 
19805521, true 
19818550, false 
19865400, true 
19894637, false 
19908596, false 
19913735, true 
19918231, true 
19919114, false 
19924661, true 
19937981, false 
19940527, true 
19948628, true 
19950062, true 
19950657, true 
19987403, true 
19993667, false 
19995822, true 
20008288, false 
20010079, true 
20012567, true 
20013379, true 
20015121, false 
20015718, false 
20016398, true 
20016455, true 
20016740, true 
20024603, true 
20037135, true 
20059794, false 
20064008, false 
20064962, true 
20066058, true 
20067687, false 
20068182, false 
20070414, false 
20081183, true 
20087437, false 
20088412, true 
20089489, true 
20089503, false 
20090652, true 
20091403, false 
20092236, true 
20093789, true 
20102975, true 
20110140, false 
20113389, true 
20123879, true 
20124384, false 
20127825, true 
20128047, true 
20134921, true 
20136477, true 
20138255, false 
20144385, false 
20148125, true 
20153922, true 
20154391, false 
20157436, false 
20159300, false 
20160395, false 
20160491, false 
20171694, false 
20175072, true 
20176812, true 
20199623, false 
20209718, false 
20217070, false 
20224743, false 
20229905, false 
20232310, false 
20232584, true 
20247811, false 
20254168, false 
20257400, false 
20257430, true 
20257833, true 
20258744, true 
20260729, false 
20264417, false 
20267825, true 
20268926, true 
20275423, true 
20275572, true 
20288155, false 
20294239, true 
20303449, false 
20323096, false 
20332322, true 
20333885, true 
20343017, false 
20343730, false 
20345203, false 
20346194, true 
20346315, false 
20416721, true 
20423603, false 
20431566, false 
20432208, false 
20438089, true 
20443325, true 
20443441, false 
20447313, false 
20447341, false 
20451261, false 
20451514, true 
20452651, true 
20461288, true 
20469328, true 
20488109, false 
20491394, true 
20493815, false 
20493831, false 
20494934, false 
20495301, true 
20500732, true 
20503132, false 
20503551, true 
20503562, false 
20503708, false 
20507129, true 
20518822, false 
20525775, true 
20532827, false 
20535812, false 
20537162, false 
20545952, true 
20554807, true 
20556237, false 
20561357, false 
20562850, false 
20614145, false 
20616288, true 
20636917, true 
20641986, true 
20641996, true 
20642684, true 
20642759, false 
20643039, true 
20647016, false 
20652663, false 
20652683, true 
20653654, true 
20663748, false 
20669049, false 
20669231, false 
20692121, false 
20696126, true 
20697812, false 
20698931, false 
20704229, false 
20704355, true 
20709442, true 
20711006, false 
20719615, false 
20722624, false 
20723240, false 
20728640, false 
20731384, true 
20736251, true 
20750301, true 
20751702, false 
20751989, false 
20752953, false 
20752986, true 
20754494, false 
20760800, false 
20761426, false 
20763296, true 
20763994, true 
20764439, false 
20764441, true 
20765163, false 
20810492, true 
20811452, false 
20813824, false 
20817208, true 
20820034, true 
20820039, true 
20820363, true 
20820366, true 
20820914, false 
20822219, true 
20822962, false 
20823932, false 
20823970, true 
20823978, true 
20824264, false 
20826627, true 
20826638, false 
20827220, false 
20828356, true 
20831507, true 
20836019, true 
20849543, true 
20851763, false 
20852831, true 
20853317, true 
20853645, false 
20854925, true 
20863078, true 
20864436, false 
20879084, false 
20882034, true 
20882522, false 
20884993, false 
20886649, false 
20887665, true 
20887706, true 
20888718, false 
20888836, true 
20889739, true 
20889746, false 
20892246, true 
20893212, true 
20899208, false 
20914299, true 
20916418, false 
20916542, false 
20917373, false 
20918138, true 
20918350, false 
20922838, false 
20923734, false 
20923818, true 
20925281, false 
20925733, false 
20930071, true 
20934462, true 
20940526, true 
20940663, false 
20944446, true 
20947116, false 
20948129, true 
20948199, false 
20949086, false 
20949290, false 
20950124, true 
20951546, false 
20953232, true 
20956211, false 
20972545, false 
20980990, false 
21004101, false 
21011574, false 
21016983, true 
21017105, true 
21019153, true 
21019691, false 
21020457, true 
21024091, false 
21024958, true 
21025743, true 
21027462, true 
21028396, false 
21028875, true 
21035363, false 
21035702, true 
21035872, true 
21038249, true 
21039983, false 
21040387, false 
21043955, false 
21044520, true 
21045118, true 
21048197, false 
21063241, true 
21063567, true 
21063767, false 
21066017, false 
21066411, false 
21069008, true 
21072209, true 
21078474, true 
21078841, true 
21078873, false 
21079749, false 
21088342, false 
21089268, false 
21089476, true 
21089678, false 
21090207, true 
21109517, true 
21111048, false 
21114836, false 
21118142, false 
21118976, false 
21119650, false 
21119929, true 
21120949, false 
21123444, true 
21124013, false 
21128921, false 
21140169, false 
21141841, true 
21144503, true 
21144633, true 
21144634, true 
21146646, true 
21147832, false 
21151568, true 
21153703, false 
21155107, true 
21155295, false 
21157785, false 
21161785, true 
21161798, true 
21161917, false 
21163229, true 
21163773, false 
21165217, false 
21168854, false 
21168985, false 
21170680, false 
21170699, true 
21177954, false 
21180997, false 
21183019, false 
21188928, true 
21191915, true 
21195624, true 
21196323, false 
21202826, false 
21205118, false 
21206470, false 
21207612, false 
21207640, false 
21209200, false 
21209207, false 
21209482, false 
21209627, false 
21239185, false 
21248682, true 
21266735, true 
21267436, false 
21268174, false 
21269675, false 
21270879, true 
21271229, false 
21271425, false 
21274132, false 
21274505, false 
21277083, false 
21277214, true 
21286186, true 
21292010, true 
21299667, true 
21300531, true 
21300645, false 
21304922, false 
21306433, true 
21307136, false 
21307285, false 
21310773, true 
21313401, false 
21313985, true 
21319642, true 
21320918, false 
21322861, false 
21325183, false 
21333763, true 
21335622, false 
21335624, false 
21335976, false 
21337469, true 
21337754, false 
21337755, false 
21338555, false 
21340132, false 
21342038, true 
21342040, false 
21342042, true 
21342148, false 
21343769, true 
21343770, true 
21343778, false 
21343781, true 
21352447, false 
21359239, false 
21360311, false 
21361248, true 
21365029, false 
21368124, false 
21371836, false 
21371878, false 
21374535, true 
21375811, true 
21376328, true 
21376364, true 
21376386, false 
21376607, false 
21379150, false 
21393975, true 
21395858, false 
21398706, true 
21400392, false 
21400628, false 
21402257, false 
21403373, true 
21403390, false 
21403998, true 
21405791, false 
21405941, true 
21405946, true 
21406130, false 
21406143, false 
21407651, true 
21409825, true 
21411311, true 
21420748, true 
21422939, true 
21428802, false 
21429947, false 
21431334, false 
21433654, false 
21433656, false 
21440634, false 
21442271, true 
21442898, false 
21444506, false 
21445574, false 
21445745, true 
21446448, false 
21448052, false 
21449922, true 
21450145, true 
21454488, false 
21461177, false 
21462057, false 
21464182, true 
21474154, false 
21474174, false 
21474356, false 
21474410, false 
21476825, false 
21478443, true 
21490615, false 
21490722, true 
21491908, true 
21491909, false 
21491968, false 
21492297, true 
21495023, false 
21499476, false 
21499566, true 
21500600, false 
21504588, false 
21508503, false 
21511988, true 
21514179, false 
21517956, false 
21520606, false 
21523750, false 
21525170, true 
21525300, false 
21525318, false 
21528167, false 
21528168, false 
21530009, false 
21536556, false 
21549197, true 
21549323, false 
21549528, false 
21549531, false 
21557327, true 
21559453, false 
21559800, false 
21560057, false 
21560515, true 
21562349, false 
21562869, true 
21563489, false 
21563854, false 
21565811, false 
21566007, true 
21568059, true 
21570986, false 
21571360, false 
21571893, true 
21571894, true 
21572283, true 
21572289, false 
21572292, true 
21573422, false 
21573551, false 
21573666, false 
21578056, false 
21580708, false 
21581533, false 
21584198, false 
21588246, false 
21588537, true 
21588539, true 
21589105, true 
21590915, false 
21590916, false 
21594472, false 
21595440, false 
21595702, false 
21595866, true 
21600287, false 
21602590, true 
21607106, false 
21609252, true 
21610393, false 
21613139, false 
21613534, true 
21614747, false 
21615151, true 
21615776, true 
21617792, true 
21618072, false 
21619456, false 
21622286, false 
21629701, true 
21632700, true 
21633189, true 
21637535, true 
21637637, true 
21640379, true 
21645660, false 
21645706, false 
21645707, false 
21645842, false 
21647271, true 
21647354, true 
21648799, true 
21650211, false 
21650477, true 
21656069, true 
21663831, true 
21664964, true 
21666225, false 
21668207, false 
21674339, false 
21674851, true 
21676789, true 
21687602, true 
21690610, true 
21693547, true 
21695578, false 
21695880, false 
21696081, false 
21699099, false 
21700600, false 
21705209, true 
21705230, false 
21711315, false 
21717956, false 
21718000, true 
21721463, false 
21724236, false 
21725750, false 
21725996, true 
21728222, false 
21729214, true 
21730477, true 
21730509, false 
21732997, false 
21735884, false 
21737573, false 
21738328, true 
21738666, true 
21738872, false 
21739901, true 
21743205, true 
21744132, false 
21749058, false 
21751387, true 
21753739, false 
21754326, false 
21754666, false 
21755092, false 
21755299, true 
21756298, true 
21757911, false 
21758946, false 
21760614, false 
21761217, true 
21761781, true 
21762391, false 
21763049, false 
21764803, true 
21774853, false 
21778419, true 
21779477, false 
21780590, true 
21781452, false 
21782268, true 
21784262, false 
21785111, true 
21785593, false 
21786749, false 
21787562, false 
21791609, false 
21793687, true 
21795172, false 
21800830, false 
21802841, false 
21805255, false 
21808294, true 
21813977, true 
21816857, false 
21817488, true 
21831184, false 
21831336, true 
21832299, false 
21837219, false 
21837824, false 
21838358, true 
21849185, false 
21851140, false 
21852542, true 
21853106, true 
21854466, true 
21855614, true 
21855957, false 
21857172, false 
21858077, true 
21869917, true 
21870226, false 
21874693, true 
21878236, true 
21880406, true 
21880868, true 
21886109, true 
21886856, false 
21889278, true 
21893371, false 
21896051, false 
21900139, false 
21901286, true 
21902225, false 
21903503, true 
21908788, false 
21910771, false 
21915588, false 
21915589, true 
21919885, false 
21923805, false 
21932251, true 
21932760, true 
21932815, true 
21933285, false 
21934855, true 
21945972, false 
21947835, true 
21948478, true 
21949045, false 
21949364, true 
21949905, true 
21953388, false 
21954760, true 
21955350, false 
21955617, false 
21956394, false 
21957428, false 
21959866, true 
21980225, true 
21984798, true 
21996939, false 
21997648, false 
22006795, false 
22007110, true 
22007124, false 
22008542, false 
22023363, false 
22027952, false 
22028725, true 
22028858, true 
22030216, false 
22030831, true 
22031100, true 
22033466, true 
22035466, false 
22038802, true 
22039189, false 
22040227, false 
22045560, true 
22047202, true 
22047392, true 
22052083, true 
22055550, true 
22055552, true 
22059484, true 
22060119, true 
22060509, false 
22062480, true 
22062549, true 
22063656, true 
22063668, true 
22063930, true 
22068114, true 
22069078, false 
22071080, false 
22071351, true 
22071990, true 
22072099, true 
22076905, true 
22078684, true 
22083023, false 
22084679, true 
22088355, false 
22090564, false 
22091912, false 
22092169, true 
22092273, true 
22093669, true 
22093837, true 
22095062, false 
22096089, false 
22096093, false 
22096344, false 
22104872, true 
22104923, true 
22104986, true 
22116033, false 
22117860, true 
22122298, false 
22123243, false 
22126532, true 
22127517, false 
22128169, false 
22128249, false 
22129483, false 
22131472, false 
22141958, true 
22163689, true 
22170595, true 
22172659, false 
22173890, false 
22174716, true 
22183841, true 
22184114, true 
22184528, false 
22187754, false 
22189925, false 
22191609, true 
22192518, false 
22195186, false 
22196478, false 
22197117, false 
22197200, false 
22199594, false 
22199666, true 
22202895, false 
22205322, false 
22206076, true 
22206214, false 
22206506, false 
22207144, true 
22207948, true 
22208220, false 
22208242, true 
22208502, true 
22208997, false 
22209630, true 
22212693, false 
22212976, true 
22215928, false 
22225617, true 
22225706, true 
22229417, true 
22234438, true 
22235304, false 
22238567, false 
22248271, false 
22248525, true 
22254401, false 
22261909, false 
22266686, true 
22273408, false 
22282121, true 
22285167, true 
22287398, true 
22287469, true 
22287521, true 
22289362, true 
22291400, false 
22298966, true 
22302226, false 
22304981, false 
22308836, true 
22314304, true 
22320446, false 
22324907, false 
22328919, true 
22328963, true 
22328974, false 
22331569, false 
22331852, false 
22332500, false 
22332617, false 
22333078, false 
22333421, false 
22335001, false 
22339693, true 
22345134, false 
22346196, false 
22351040, false 
22354158, false 
22356546, true 
22356918, true 
22357152, true 
22358087, true 
22358539, true 
22358954, false 
22359208, true 
22359801, false 
22367550, true 
22376538, false 
22378829, false 
22379438, false 
22381703, true 
22383768, false 
22385254, true 
22389221, false 
22392651, true 
22402726, true 
22403888, false 
22404239, true 
22405482, true 
22405963, true 
22406002, true 
22407003, false 
22407109, true 
22408712, false 
22409077, true 
22411158, false 
22414716, false 
22417740, false 
22422588, true 
22440907, true 
22444755, false 
22447614, false 
22451710, true 
22452379, true 
22455414, true 
22460275, false 
22461683, true 
22463079, false 
22466201, false 
22468536, false 
22469552, false 
22471024, true 
22472435, true 
22472592, true 
22475546, true 
22476539, false 
22480459, false 
22483086, true 
22483263, false 
22486756, true 
22492225, false 
22495550, false 
22497103, false 
22499793, true 
22502068, false 
22502673, true 
22503636, false 
22507076, true 
22510833, true 
22512520, true 
22512982, false 
22513439, true 
22514086, true 
22517687, true 
22519478, true 
22521443, true 
22523342, true 
22524902, true 
22525550, true 
22527834, true 
22529981, false 
22530947, false 
22534021, false 
22537253, false 
22540083, true 
22540754, false 
22541933, true 
22541936, true 
22541939, true 
22541941, true 
22542002, true 
22543972, true 
22545248, false 
22545670, false 
22547309, true 
22547950, true 
22547958, true 
22548808, true 
22549399, false 
22550851, true 
22556242, true 
22558848, false 
22559274, true 
22561692, false 
22563699, false 
22564251, false 
22564405, true 
22564474, true 
22565656, true 
22567770, false 
22568004, false 
22571198, true 
22598083, true 
22602295, true 
22603558, false 
22605235, true 
22605259, false 
22606153, true 
22609426, false 
22613599, true 
22620824, true 
22626247, true 
22627299, true 
22627493, true 
22627686, false 
22628106, true 
22630332, false 
22630335, true 
22631253, false 
22632129, false 
22639018, false 
22640007, false 
22644634, false 
22646748, false 
22651750, true 
22653147, false 
22653721, false 
22661021, true 
22665268, false 
22665508, true 
22665752, false 
22666353, true 
22666539, false 
22671255, false 
22671268, false 
22675319, false 
22676664, false 
22677859, true 
22682394, false 
22684864, true 
22685046, false 
22685113, false 
22692162, true 
22693991, false 
22694757, false 
22694837, false 
22697024, true 
22700993, true 
22701182, true 
22704995, false 
22709057, false 
22709088, false 
22710906, false 
22716352, false 
22718669, true 
22718911, true 
22720663, false 
22721935, true 
22724385, false 
22725110, false 
22726278, false 
22726900, true 
22727418, false 
22728205, true 
22728624, false 
22729316, false 
22729461, true 
22729462, false 
22733436, false 
22753960, false 
22760556, false 
22760612, true 
22767853, false 
22767990, true 
22772178, false 
22773176, true 
22773426, false 
22774068, true 
22774343, true 
22775237, false 
22775369, false 
22775504, false 
22776010, true 
22776149, true 
22776576, true 
22776757, true 
22776761, true 
22778349, false 
22779583, true 
22790527, true 
22791070, true 
22791113, true 
22792563, false 
22797622, false 
22797867, false 
22799741, false 
22800189, true 
22800686, true 
22800767, true 
22802885, true 
22802981, true 
22803550, true 
22803686, true 
22806069, false 
22806380, false 
22806817, false 
22807015, false 
22807654, true 
22808662, true 
22808676, false 
22810327, true 
22812470, true 
22815971, true 
22817899, false 
22820787, false 
22820834, true 
22822416, true 
22824325, true 
22824701, true 
22825043, false 
22826906, false 
22828132, true 
22836852, true 
22840771, true 
22840778, false 
22842106, false 
22845728, true 
22846469, true 
22846755, false 
22847896, false 
22848361, true 
22850789, false 
22851074, true 
22851337, false 
22852700, true 
22853745, false 
22854014, true 
22854896, true 
22855417, true 
22855713, true 
22855718, false 
22857261, false 
22857263, true 
22858221, true 
22858403, true 
22859862, true 
22860136, true 
22860162, true 
22860713, true 
22862845, false 
22863855, true 
22864186, true 
22864941, true 
22867250, true 
22869066, false 
22870354, true 
22874330, true 
22875357, true 
22875456, false 
22875494, true 
22876536, false 
22879202, true 
22879546, true 
22879917, true 
22881983, true 
22902898, true 
22908453, false 
22908937, false 
22908952, true 
22911708, false 
22912507, true 
22914251, true 
22914603, false 
22916291, true 
22917218, false 
22924782, true 
22926131, false 
22928831, true 
22929087, false 
22929608, true 
22931139, false 
22931143, false 
22940651, true 
22942480, true 
22943461, true 
22943781, true 
22947123, false 
22947287, true 
22947288, true 
22949579, false 
22950892, true 
22950929, true 
22951001, false 
22952515, false 
22955562, true 
22956426, true 
22957162, true 
22957192, true 
22958127, true 
22958572, true 
22960980, true 
22961090, true 
22962165, false 
22962661, false 
22966229, false 
22970244, true 
22975427, false 
22977552, true 
22977827, false 
22979024, false 
22984152, false 
22984173, false 
22984670, true 
22984782, true 
22984908, true 
22989588, true 
22990512, false 
23001119, false 
23008551, true 
23011454, true 
23011462, true 
23016052, false 
23017449, true 
23018710, false 
23021202, false 
23021286, true 
23027554, false 
23028410, true 
23029815, true 
23033258, true 
23035924, true 
23036658, false 
23038060, true 
23038206, false 
23038618, true 
23038651, true 
23038659, false 
23040221, true 
23041817, true 
23043018, true 
23050463, false 
23063217, true 
23064351, true 
23066614, true 
23067429, false 
23069901, true 
23072621, false 
23079964, true 
23081362, false 
23081429, false 
23084229, true 
23086704, false 
23090399, false 
23090876, false 
23097276, true 
23097413, false 
23098198, false 
23101112, true 
23105138, false 
23105562, true 
23111466, false 
23113439, false 
23117558, false 
23118610, false 
23118708, true 
23125529, true 
23128307, false 
23130675, true 
23143748, false 
23147562, true 
23147564, false 
23155138, false 
23159764, false 
23163299, false 
23164917, true 
23171638, false 
23171731, true 
23176762, true 
23179116, true 
23186545, false 
23189342, true 
23191381, false 
23191905, false 
23191995, true 
23193951, true 
23197666, true 
23199081, true 
23200352, false 
23214670, false 
23216982, true 
23217476, false 
23217941, false 
23218195, false 
23218338, false 
23219556, false 
23220370, true 
23222011, false 
23223527, false 
23223694, false 
23225107, false 
23226635, true 
23232602, false 
23256614, false 
23263661, false 
23275072, false 
23279835, true 
23280104, false 
23281036, false 
23283899, true 
23286362, true 
23289404, false 
23295655, true 
23299488, false 
23299977, true 
23303608, false 
23304421, false 
23307587, true 
23310674, true 
23316836, false 
23318158, false 
23319188, true 
23324672, true 
23327474, false 
23331110, false 
23341500, false 
23344235, false 
23344236, true 
23345192, false 
23348968, true 
23349046, false 
23350688, true 
23353979, true 
23354529, false 
23357902, false 
23361760, true 
23365512, false 
23365544, true 
23370436, true 
23370442, true 
23372372, false 
23375670, false 
23376695, true 
23379302, true 
23380500, false 
23383805, true 
23387146, true 
23391894, true 
23393557, false 
23395395, true 
23397072, false 
23397961, true 
23401557, true 
23404902, false 
23408097, true 
23409719, false 
23416037, true 
23419042, true 
23428182, false 
23429459, false 
23431343, true 
23452983, true 
23470411, false 
23474411, false 
23489031, false 
23489536, false 
23491348, true 
23491822, true 
23507268, true 
23511899, true 
23516394, true 
23516947, false 
23517584, false 
23520975, true 
23528076, false 
23528586, false 
23531798, false 
23534750, true 
23535524, false 
23535724, false 
23539759, true 
23554941, true 
23557674, true 
23562904, true 
23566299, true 
23566667, false 
23568127, true 
23569962, false 
23570959, false 
23572286, false 
23575152, false 
23576575, false 
23576672, false 
23581121, false 
23587345, false 
23587553, false 
23588905, false 
23589012, false 
23589870, true 
23590300, false 
23591205, true 
23591361, false 
23591407, false 
23591449, true 
23596083, false 
23596652, false 
23600574, true 
23602571, true 
23607427, false 
23615434, false 
23617602, false 
23619366, true 
23621364, true 
23623327, true 
23623573, false 
23623580, false 
23625458, true 
23626353, true 
23627319, false 
23628238, true 
23629618, false 
23629892, false 
23631400, false 
23636271, false 
23641693, true 
23657953, true 
23661668, false 
23661687, false 
23668918, false 
23674536, false 
23676310, false 
23681267, false 
23688983, true 
23689649, true 
23691099, false 
23692022, false 
23707729, false 
23709311, true 
23712807, true 
23713124, false 
23713450, false 
23718313, false 
23718447, true 
23718806, true 
23718807, false 
23719082, true 
23719889, true 
23721209, false 
23724209, false 
23725157, false 
23725305, true 
23725346, false 
23725571, false 
23725768, false 
23725773, false 
23725795, false 
23727276, true 
23727363, false 
23727371, false 
23731243, true 
23733078, false 
23744091, false 
23748205, false 
23749309, false 
23749629, true 
23753686, true 
23755120, true 
23760467, false 
23760482, false 
23763003, true 
23763488, false 
23770219, true 
23775352, false 
23776983, true 
23786643, true 
23787555, true 
23792020, true 
23792178, false 
23793966, true 
23798142, false 
23798697, true 
23799935, false 
23801105, true 
23804201, false 
23807249, false 
23811652, false 
23815609, false 
23820259, true 
23822226, true 
23825781, false 
23827042, false 
23838271, true 
23844466, false 
23854618, true 
23862319, true 
23868522, true 
23884210, false 
23886750, true 
23887558, true 
23896047, true 
23898216, true 
23898941, true 
23899814, true 
23901900, true 
23904868, true 
23905473, false 
23906864, true 
23909429, true 
23909438, false 
23932175, false 
23934806, false 
23936872, false 
23938464, true 
23939846, true 
23942769, true 
23943664, true 
23945351, true 
23952388, false 
23957523, true 
23967648, true 
23968092, false 
23970448, true 
23970549, true 
23971926, false 
23971948, false 
23973158, false 
23974105, true 
23974711, true 
23975855, false 
23978113, false 
23978723, true 
23978877, false 
23979591, false 
23980921, true 
23981171, false 
23983739, true 
23993096, false 
24005761, true 
24012164, true 
24024480, false 
24038268, true 
24045921, false 
24050462, true 
24057304, true 
24062075, false 
24088745, false 
24090084, false 
24093127, true 
24102650, false 
24103683, true 
24105549, false 
24105850, false 
24106254, false 
24112165, false 
24116819, true 
24117216, false 
24126143, true 
24127950, true 
24132367, false 
24132864, false 
24133609, true 
24135005, false 
24135025, false 
24135353, false 
24136124, true 
24140864, false 
24142738, false 
24146132, true 
24147407, true 
24158847, false 
24164917, false 
24167496, false 
24168122, true 
24168299, false 
24172036, true 
24172957, true 
24178814, false 
24180385, true 
24188595, false 
24201913, true 
24202851, false 
24207964, false 
24212155, true 
24224067, false 
24237555, false 
24244089, true 
24244260, false 
24247417, true 
24251945, true 
24256521, false 
24257588, false 
24260668, true 
24265204, true 
24265658, false 
24273164, true 
24273807, false 
24276564, true 
24280547, false 
24293179, false 
24298694, true 
24300128, false 
24304031, true 
24305559, false 
24308179, false 
24314667, true 
24316765, false 
24316798, true 
24317401, false 
24326872, false 
24331392, false 
24331704, true 
24336240, false 
24336351, true 
24341350, true 
24341715, false 
24342101, false 
24351061, false 
24355754, false 
24365214, true 
24365439, true 
24366804, true 
24371570, true 
24374092, false 
24375616, false 
24380097, true 
24383169, true 
24385082, false 
24394572, true 
24404382, false 
24410611, true 
24410613, false 
24412662, false 
24413182, false 
24415573, true 
24415683, true 
24415739, true 
24416313, false 
24425865, false 
24434303, true 
24450765, true 
24451710, true 
24460346, true 
24462900, true 
24464358, true 
24464823, true 
24471234, false 
24486809, false 
24490656, true 
24494019, true 
24495166, false 
24500829, true 
24501085, false 
24502082, true 
24504154, false 
24504456, false 
24505153, true 
24505761, true 
24507122, true 
24508712, false 
24511453, true 
24511454, true 
24519879, true 
24526176, false 
24527715, true 
24528290, true 
24533823, false 
24534744, false 
24537314, false 
24540091, false 
24540625, true 
24541671, true 
24542381, false 
24542768, true 
24544391, false 
24545206, false 
24547258, false 
24548073, true 
24561563, true 
24561657, false 
24569398, true 
24569533, false 
24571095, true 
24573657, true 
24574575, false 
24575031, true 
24575766, true 
24579258, true 
24583803, true 
24584030, false 
24584749, false 
24595899, false 
24599015, false 
24603614, false 
24611765, false 
24613146, false 
24614374, false 
24616123, true 
24618535, false 
24623909, true 
24635258, true 
24657825, true 
24667663, true 
24668341, false 
24668423, false 
24668543, false 
24668831, true 
24670525, false 
24671393, true 
24671570, true 
24673125, true 
24673628, false 
24674409, false 
24674907, false 
24676446, false 
24678065, false 
24678704, true 
24679461, true 
24680002, true 
24685213, true 
24687559, false 
24688781, true 
24690166, true 
24690277, true 
24693644, true 
24698874, false 
24709303, false 
24713704, false 
24715185, true 
24717461, true 
24718309, true 
24718795, true 
24719581, true 
24736912, true 
24738105, true 
24738244, true 
24738486, false 
24742523, false 
24742707, false 
24745252, true 
24745288, false 
24745840, true 
24746231, true 
24747886, false 
24750271, false 
24756957, false 
24756974, true 
24759242, true 
24771264, true 
24776978, false 
24777080, true 
24786592, true 
24797866, true 
24797872, true 
24803707, false 
24804021, false 
24806374, true 
24807501, false 
24810450, false 
24811556, false 
24812224, false 
24814127, false 
24814340, false 
24814867, true 
24815256, true 
24816235, false 
24821101, true 
24837343, true 
24841350, false 
24848552, true 
24848946, false 
24850563, false 
24866646, true 
24869636, true 
24870602, true 
24877230, true 
24878587, true 
24883058, true 
24884665, false 
24884813, false 
24889605, true 
24890464, false 
24890474, true 
24900376, false 
24902578, true 
24906368, false 
24906701, true 
24913379, true 
24913782, true 
24913915, true 
24914011, true 
24914029, false 
24914976, true 
24915541, false 
24924597, false 
24932279, false 
24932354, false 
24939655, false 
24941148, false 
24946655, false 
24949216, false 
24952794, true 
24954318, false 
24955055, true 
24955678, true 
24963222, false 
24963914, false 
24967303, true 
24969810, false 
24972775, true 
24973532, true 
24973857, true 
24976862, true 
24977590, false 
24977838, false 
24979554, false 
24979571, true 
24983901, true 
24986554, false 
24986703, true 
24986869, true 
24988170, false 
24990104, false 
24993310, true 
25004154, true 
25006096, true 
25006507, true 
25015474, true 
25017107, false 
25019182, true 
25019187, true 
25022002, false 
25026005, false 
25037917, false 
25043887, true 
25062009, false 
25062620, false 
25066917, false 
25074102, false 
25075151, true 
25075342, false 
25078914, false 
25079217, false 
25079983, true 
25081461, false 
25081468, true 
25081604, false 
25082500, false 
25086413, false 
25088440, true 
25091323, false 
25091611, true 
25102276, true 
25103994, false 
25109215, true 
25113145, false 
25114814, true 
25116730, true 
25117120, false 
25118622, true 
25119046, true 
25120948, true 
25122318, true 
25127850, false 
25147243, false 
25149700, false 
25152838, false 
25165471, false 
25169267, true 
25184308, false 
25185253, true 
25185277, true 
25185711, false 
25186740, false 
25191776, false 
25192539, true 
25192625, false 
25194804, false 
25195089, false 
25197644, true 
25198361, false 
25202039, false 
25203607, true 
25206071, true 
25208121, false 
25215353, true 
25220421, true 
25224723, true 
25229483, true 
25229538, true 
25231591, true 
25232077, true 
25236192, true 
25241891, true 
25242023, true 
25246833, true 
25267624, true 
25276229, true 
25276672, true 
25281867, false 
25282299, true 
25283941, false 
25288494, false 
25288732, true 
25288760, true 
25292652, true 
25304994, true 
25305966, true 
25307613, false 
25308153, false 
25308506, false 
25311154, true 
25319151, false 
25319928, false 
25323455, true 
25323707, true 
25326078, true 
25328161, false 
25329324, true 
25329519, true 
25329650, true 
25332357, false 
25332806, true 
25334169, true 
25334866, false 
25337946, true 
25338468, true 
25338478, true 
25338573, true 
25338991, false 
25340656, false 
25343517, false 
25344172, false 
25344771, false 
25345787, true 
25346252, true 
25346448, true 
25346975, false 
25347374, false 
25350780, true 
25355086, false 
25359870, false 
25370822, false 
25373872, true 
25374244, false 
25374687, false 
25374858, false 
25375561, true 
25376106, true 
25381158, true 
25382224, false 
25383741, false 
25384098, false 
25390174, true 
25390707, false 
25391360, false 
25392381, true 
25394588, true 
25395278, true 
25397466, true 
25398087, false 
25398575, false 
25399691, false 
25401769, false 
25411780, true 
25411884, true 
25412683, false 
25413518, false 
25417885, false 
25423508, true 
25424580, true 
25426213, false 
25427163, true 
25428208, true 
25430879, true 
25433205, false 
25433279, true 
25433902, true 
25438651, false 
25439788, true 
25441401, true 
25443050, true 
25443096, true 
25450378, false 
25451071, false 
25451472, false 
25454162, false 
25455200, false 
25455734, true 
25458018, false 
25459795, false 
25460953, true 
25461271, false 
25461370, false 
25461807, false 
25462684, true 
25462877, true 
25470298, false 
25472312, true 
25472361, true 
25472484, false 
25476216, false 
25476219, false 
25477595, false 
25485578, false 
25486055, true 
25486369, true 
25486808, true 
25487874, true 
25488825, false 
25490003, true 
25492633, false 
25494928, true 
25497185, false 
25498067, false 
25499111, false 
25499677, true 
25501082, true 
25503089, true 
25509834, true 
25511696, false 
25520420, true 
25530625, false 
25535025, true 
25547826, false 
25549437, true 
25551571, false 
25562019, true 
25563007, true 
25563384, false 
25564291, true 
25564523, true 
25564817, true 
25565385, true 
25567755, false 
25568693, true 
25570092, true 
25570907, false 
25578136, true 
25580816, true 
25580820, true 
25582071, true 
25583739, false 
25583942, true 
25584022, true 
25584167, false 
25584169, true 
25584190, true 
25584567, false 
25589299, false 
25590206, true 
25590262, false 
25590369, true 
25590404, false 
25591212, false 
25594198, true 
25596006, false 
25596467, true 
25596610, true 
25596619, true 
25597057, true 
25597150, true 
25598120, false 
25601129, false 
25602504, false 
25602850, false 
25603626, false 
25603665, false 
25608286, false 
25608291, true 
25609998, true 
25611016, false 
25612050, true 
25612095, true 
25612377, false 
25613008, false 
25614750, true 
25615007, true 
25615666, false 
25615695, false 
25616324, true 
25624963, true 
25624985, false 
25626819, true 
25630412, false 
25630796, true 
25630805, true 
25632634, false 
25632687, false 
25641253, true 
25644529, false 
25645069, true 
25646242, false 
25652261, true 
25652382, false 
25653801, false 
25656520, true 
25659579, true 
25660734, true 
25662777, false 
25663001, true 
25665312, false 
25665425, false 
25666802, false 
25666843, false 
25668050, true 
25669457, false 
25671369, true 
25671371, false 
25671469, true 
25671630, false 
25672053, true 
25673942, false 
25674611, true 
25675421, false 
25678232, true 
25678389, true 
25679223, false 
25683717, true 
25684127, true 
25685940, true 
25687380, true 
25688078, false 
25688526, true 
25690109, true 
25691021, true 
25691077, true 
25691379, true 
25693389, false 
25693504, true 
25693940, false 
25694023, false 
25694355, true 
25695597, true 
25695621, true 
25702199, false 
25703656, false 
25704899, true 
25706750, true 
25708900, false 
25709592, false 
25710621, false 
25710884, true 
25720678, true 
25726218, true 
25726241, true 
25726468, false 
25726616, false 
25726685, true 
25726690, false 
25726710, true 
25726917, true 
25727559, false 
25727599, false 
25729693, true 
25730231, true 
25731675, true 
25737208, false 
25737696, true 
25749937, true 
25751868, false 
25752530, false 
25752812, true 
25752827, true 
25753054, true 
25753159, false 
25753404, true 
25754031, false 
25755465, false 
25756675, true 
25756808, false 
25757239, true 
25758743, false 
25759739, true 
25759900, true 
25760508, true 
25760687, false 
25761127, true 
25764505, true 
25765339, true 
25767152, true 
25767200, false 
25768736, false 
25769085, true 
25769800, true 
25772143, false 
25772443, true 
25772839, true 
25776094, true 
25776219, true 
25777986, true 
25778215, false 
25778347, true 
25778857, true 
25780116, true 
25781119, false 
25785926, false 
25786112, false 
25787435, true 
25788641, true 
25791641, true 
25793105, true 
25793157, true 
25794470, false 
25794511, true 
25794543, true 
25795998, false 
25796509, true 
25797489, true 
25797548, false 
25799174, false 
25800339, true 
25800533, true 
25800576, true 
25801140, true 
25801251, true 
25801269, false 
25801789, true 
25805924, false 
25806013, false 
25809806, false 
25812587, true 
25812785, true 
25812859, false 
25813338, true 
25813438, true 
25813455, true 
25813588, false 
25813958, false 
25815410, true 
25816558, true 
25817950, true 
25819358, true 
25821318, false 
25822325, true 
25822610, false 
25823213, true 
25823676, true 
25835488, false 
25836009, true 
25837292, false 
25837773, false 
25837786, true 
25838525, true 
25840497, true 
25841735, true 
25842568, false 
25843358, false 
25844096, true 
25844894, true 
25847358, false 
25848659, true 
25849904, false 
25853091, true 
25853211, false 
25854235, true 
25857300, true 
25857569, false 
25858670, true 
25860409, true 
25860579, false 
25863382, false 
25863432, true 
25864142, true 
25865834, false 
25871812, true 
25871867, true 
25872174, true 
25874762, true 
25879215, true 
25879224, true 
25885029, false 
25893288, true 
25895994, true 
25897324, false 
25897915, true 
25900899, true 
25901707, false 
25902983, false 
25904136, false 
25904144, true 
25904666, true 
25905179, false 
25906481, false 
25912259, true 
25924145, false 
25926361, false 
25928378, false 
25929554, true 
25930832, true 
25931916, false 
25933950, false 
25934378, true 
25935368, true 
25935510, true 
25935839, false 
25937471, true 
25941020, true 
25943941, true 
25944787, true 
25945136, true 
25946804, true 
25948539, false 
25950700, false 
25951511, false 
25952056, false 
25954258, true 
25956251, true 
25956606, true 
25958227, true 
25958912, false 
25959392, true 
25964771, true 
25970565, true 
25973544, false 
25973575, false 
25973599, false 
25974105, false 
25974117, true 
25974303, false 
25975225, false 
25981625, false 
25981683, true 
25982676, false 
25985497, true 
25986646, true 
25987309, true 
25993626, true 
25993843, true 
25993844, true 
25996120, false 
25996809, true 
25997037, true 
25998134, false 
26009343, true 
26009659, true 
26010607, true 
26010823, true 
26011155, false 
26012244, true 
26013430, true 
26014044, false 
26014496, true 
26015561, true 
26015827, true 
26015860, true 
26016489, false 
26016604, false 
26022174, false 
26024279, false 
26028645, false 
26029690, true 
26032099, false 
26033335, false 
26034608, true 
26037712, true 
26038240, false 
26038546, true 
26039090, true 
26039328, true 
26039657, true 
26040818, true 
26043228, false 
26043230, false 
26043233, false 
26044055, false 
26044456, true 
26050571, true 
26051101, true 
26061260, false 
26061934, true 
26066107, false 
26068752, false 
26069217, false 
26070457, true 
26070641, true 
26070802, true 
26070919, true 
26074697, true 
26075613, true 
26075620, false 
26080105, true 
26080590, false 
26082535, true 
26084319, true 
26089885, true 
26093756, true 
26094635, true 
26097787, false 
26099430, false 
26101206, false 
26104001, false 
26108660, true 
26110877, true 
26112264, false 
26112737, false 
26113320, false 
26114485, true 
26116313, false 
26116596, false 
26116905, true 
26118045, true 
26118802, false 
26124044, false 
26127031, true 
26127189, false 
26128908, true 
26131545, false 
26131598, false 
26141281, true 
26142378, false 
26143308, false 
26143355, false 
26143658, false 
26144654, false 
26144676, false 
26144888, true 
26144973, true 
26147488, false 
26151835, false 
26152603, true 
26154242, false 
26154396, true 
26157153, true 
26157869, false 
26159274, true 
26160443, false 
26161831, false 
26163416, true 
26165097, true 
26165288, false 
26165863, true 
26168336, false 
26168983, false 
26169902, true 
26175834, true 
26175894, true 
26176231, false 
26177215, true 
26178050, false 
26178790, true 
26178938, false 
26179323, true 
26181613, true 
26181781, false 
26183328, true 
26185377, true 
26187231, false 
26187878, true 
26189558, true 
26190340, false 
26190445, true 
26191770, false 
26191999, true 
26192817, true 
26192833, true 
26193264, false 
26194337, true 
26196092, true 
26196946, false 
26204262, false 
26207032, false 
26207891, true 
26208032, false 
26209403, true 
26209577, false 
26216591, true 
26216628, true 
26216681, true 
26218041, false 
26219569, false 
26219772, true 
26219971, false 
26219977, true 
26220882, false 
26220898, true 
26221779, false 
26222645, true 
26223855, false 
26224878, true 
26226057, true 
26226230, true 
26226285, false 
26228707, false 
26228895, true 
26230638, true 
26232372, false 
26232405, false 
26233778, true 
26236392, true 
26237300, true 
26238390, false 
26238573, true 
26240132, true 
26240297, true 
26240994, false 
26241591, false 
26245853, true 
26246836, false 
26247049, true 
26247383, true 
26249649, true 
26250295, true 
26251884, true 
26251921, true 
26254850, true 
26255211, false 
26255254, true 
26256285, false 
26258223, false 
26259843, false 
26261965, false 
26266063, true 
26266746, false 
26267450, true 
26268032, true 
26268813, false 
26269056, false 
26271353, false 
26271577, true 
26272951, false 
26273032, true 
26274041, true 
26274653, false 
26276001, true 
26276354, false 
26277593, true 
26277596, false 
26278041, false 
26279465, true 
26279466, true 
26279618, true 
26279712, false 
26279867, false 
26280055, true 
26280056, true 
26284424, false 
26285039, false 
26286301, false 
26288300, false 
26288626, false 
26290952, true 
26291178, false 
26291225, true 
26292234, false 
26293561, false 
26293982, true 
26294740, true 
26295466, false 
26298984, true 
26299288, true 
26301185, false 
26306228, false 
26311778, true 
26313904, true 
26314479, false 
26317834, false 
26317905, true 
26318528, false 
26318920, true 
26321218, false 
26322214, false 
26323134, true 
26324082, true 
26324085, false 
26325071, false 
26325096, false 
26325366, false 
26326394, false 
26328503, false 
26329660, false 
26329675, true 
26331754, true 
26339372, false 
26339577, false 
26339580, false 
26340507, true 
26345599, false 
26345798, false 
26345930, false 
26347910, false 
26348624, true 
26349836, false 
26354314, false 
26355386, true 
26355880, true 
26356168, false 
26359706, false 
26359756, false 
26361557, false 
26362585, true 
26365345, false 
26373761, false 
26375399, true 
26375524, true 
26379502, false 
26381750, false 
26381867, false 
26383626, false 
26386641, false 
26387930, true 
26390248, true 
26395083, false 
26396161, true 
26396351, true 
26396656, false 
26399774, false 
26400523, true 
26400585, false 
26400880, true 
26400906, false 
26400915, true 
26402940, false 
26403310, false 
26403380, false 
26403924, true 
26404035, false 
26404647, true 
26405413, true 
26405612, false 
26406775, false 
26409193, false 
26409579, false 
26411749, false 
26412909, false 
26413825, false 
26415736, false 
26417683, true 
26420341, true 
26420766, false 
26423350, false 
26425051, false 
26425560, true 
26425669, true 
26426491, false 
26426558, false 
26428518, false 
26429912, true 
26429932, true 
26435476, true 
26438049, true 
26438767, true 
26438797, false 
26438975, true 
26440195, true 
26440855, true 
26441633, true 
26442178, false 
26442940, false 
26443192, true 
26444951, true 
26445101, true 
26445503, true 
26447921, true 
26447975, true 
26447978, false 
26448279, false 
26451260, true 
26451391, true 
26451625, true 
26451648, false 
26451729, false 
26452296, true 
26453007, false 
26454066, false 
26454664, true 
26456290, false 
26459664, false 
26459947, false 
26461656, true 
26463098, true 
26464060, false 
26464646, true 
26466827, true 
26467824, false 
26469166, true 
26471205, true 
26471802, true 
26471883, false 
26476012, false 
26480961, false 
26481380, true 
26481405, true 
26481493, true 
26485500, true 
26486314, false 
26486723, false 
26488100, true 
26489687, false 
26490549, true 
26492364, false 
26492391, false 
26497535, false 
26497952, false 
26498396, true 
26498479, false 
26498834, true 
26499944, true 
26500050, false 
26502436, false 
26503591, true 
26503803, true 
26504153, false 
26504275, true 
26506479, false 
26507736, true 
26508215, true 
26508249, true 
26509365, true 
26509660, true 
26510527, false 
26512887, true 
26513652, false 
26513719, false 
26515039, true 
26516265, true 
26517701, true 
26523949, false 
26524513, false 
26524690, false 
26525037, true 
26527976, false 
26533725, true 
26533748, false 
26535405, false 
26535793, false 
26539875, false 
26541093, true 
26541185, false 
26541310, false 
26545456, true 
26545679, true 
26548364, true 
26548845, true 
26549507, false 
26549769, false 
26552257, true 
26552863, true 
26554043, true 
26555270, false 
26557141, true 
26558855, false 
26559008, true 
26559810, true 
26560078, true 
26561365, false 
26561995, false 
26562461, false 
26562703, false 
26564574, true 
26564748, true 
26565102, false 
26565169, false 
26566708, true 
26567158, true 
26568797, false 
26568985, false 
26569206, false 
26570782, false 
26571116, false 
26571145, false 
26571156, true 
26571722, false 
26571724, true 
26572389, false 
26572953, false 
26573100, true 
26573473, true 
26574470, true 
26575595, false 
26576080, false 
26577203, false 
26578550, false 
26579952, true 
26582343, false 
26583896, true 
26584230, false 
26585671, false 
26587386, true 
26587533, false 
26587630, true 
26588506, true 
26590073, false 
26591194, false 
26591625, false 
26591829, true 
26592034, true 
26593318, false 
26593320, true 
26593930, false 
26600446, true 
26602353, false 
26604036, true 
26609444, false 
26611248, false 
26611563, true 
26612685, false 
26613222, false 
26613915, false 
26614039, true 
26616870, false 
26616934, false 
26616935, false 
26617759, false 
26623636, false 
26625646, true 
26626661, false 
26626933, true 
26638209, true 
26638631, true 
26640716, true 
26642033, false 
26644185, false 
26644517, true 
26645465, false 
26647082, false 
26659857, true 
26663377, true 
26663589, true 
26666366, true 
26667978, true 
26668339, true 
26668510, true 
26675191, true 
26676240, false 
26676479, false 
26677052, false 
26677081, false 
26677759, true 
26677796, true 
26679788, false 
26682008, true 
26683257, true 
26684527, false 
26685208, false 
26685243, false 
26685616, true 
26687007, false 
26687093, false 
26687435, false 
26687509, false 
26687570, false 
26688489, true 
26688904, true 
26689464, false 
26689841, false 
26689889, true 
26692650, false 
26693581, false 
26694104, true 
26694114, false 
26694948, true 
26695366, false 
26695390, true 
26696797, false 
26696823, false 
26696843, true 
26697719, false 
26697763, true 
26697917, false 
26702515, false 
26704088, true 
26704777, false 
26705136, false 
26705584, false 
26707406, true 
26709317, true 
26709332, true 
26709495, false 
26710677, false 
26715261, false 
26715311, false 
26715804, false 
26716351, false 
26717072, false 
26719109, true 
26720030, false 
26721345, false 
26723186, false 
26729675, true 
26729731, true 
26729822, true 
26729953, false 
26730753, true 
26731035, true 
26731262, false 
26731340, true 
26732134, true 
26732624, true 
26733259, false 
26735826, false 
26737161, false 
26739531, false 
26742139, false 
26742218, true 
26742568, false 
26743157, false 
26744649, true 
26744850, false 
26747519, false 
26749378, false 
26749895, false 
26750003, false 
26750152, false 
26751056, true 
26753820, false 
26756573, false 
26758145, false 
26759955, false 
26759986, true 
26760334, true 
26761198, false 
26761571, true 
26762234, true 
26762780, false 
26763078, false 
26763945, false 
26764485, false 
26764636, false 
26766532, false 
26766534, false 
26767249, true 
26767732, false 
26768595, false 
26768708, false 
26769293, false 
26769843, false 
26770615, false 
26771328, false 
26772503, true 
26772894, true 
26774190, false 
26774816, true 
26775563, true 
26776313, true 
26776366, false 
26777526, true 
26778049, false 
26778824, false 
26779292, true 
26779884, false 
26780192, false 
26782253, true 
26782800, false 
26784450, false 
26784675, false 
26786186, false 
26787011, false 
26790762, false 
26793431, true 
26793764, false 
26794775, true 
26795255, false 
26795729, true 
26796347, true 
26796370, false 
26797267, true 
26797290, true 
26799074, true 
26801330, true 
26805230, true 
26806128, false 
26806532, true 
26807597, false 
26808417, true 
26808830, false 
26809248, false 
26810573, true 
26811081, false 
26811313, false 
26813999, true 
26814173, true 
26814204, false 
26814341, true 
26815773, true 
26816278, false 
26816334, true 
26817206, true 
26817900, true 
26818515, false 
26818778, false 
26818914, true 
26819129, false 
26819496, true 
26820467, true 
26820898, true 
26823589, false 
26829518, true 
26830384, true 
26830925, true 
26830970, true 
26831180, false 
26831312, true 
26837953, true 
26841304, false 
26841997, true 
26842468, true 
26842832, false 
26844819, true 
26845664, false 
26845796, false 
26846853, false 
26847085, false 
26847403, true 
26848253, false 
26848487, false 
26849421, false 
26850030, false 
26850395, false 
26851107, true 
26851344, false 
26851684, false 
26853658, false 
26854123, true 
26854442, true 
26854894, true 
26854994, false 
26856434, false 
26860922, true 
26860987, false 
26861802, true 
26862188, true 
26862239, false 
26862905, true 
26862970, false 
26863668, true 
26863727, false 
26863782, false 
26864151, true 
26866030, true 
26867426, true 
26869443, false 
26873463, true 
26873610, true 
26874152, true 
26874366, true 
26874536, false 
26877409, true 
26877591, true 
26879191, true 
26880306, true 
26880665, false 
26880793, false 
26880985, false 
26881641, true 
26882239, true 
26882579, false 
26883096, true 
26883880, true 
26884266, false 
26884271, false 
26884670, false 
26885642, false 
26886867, true 
26887781, false 
26887782, false 
26891808, false 
26891832, false 
26891834, false 
26894354, false 
26895494, true 
26895757, true 
26895777, true 
26895798, true 
26896738, false 
26897121, false 
26897250, true 
26897599, false 
26902605, true 
26902794, false 
26902886, false 
26903406, true 
26903635, false 
26905579, true 
26906985, false 
26907006, false 
26908033, true 
26908486, false 
26910471, false 
26911599, false 
26912651, false 
26913675, false 
26914975, false 
26916665, false 
26917087, false 
26918725, false 
26919636, true 
26921392, true 
26922407, true 
26922950, false 
26923835, true 
26923968, false 
26923978, false 
26924254, false 
26925668, false 
26926346, false 
26927018, true 
26928131, false 
26928524, true 
26930452, false 
26931435, false 
26932941, true 
26933989, true 
26935242, true 
26935336, true 
26936282, false 
26936660, false 
26939206, true 
26939696, false 
26940611, false 
26940656, true 
26940789, false 
26941229, true 
26941542, true 
26942536, false 
26942569, true 
26943116, true 
26943892, true 
26944452, false 
26945055, true 
26945446, true 
26945608, true 
26945674, true 
26945681, false 
26946155, false 
26948327, false 
26948569, true 
26950749, true 
26952210, true 
26952761, false 
26953019, true 
26954117, true 
26954184, false 
26954407, false 
26954419, true 
26954967, true 
26955900, false 
26961341, true 
26961589, false 
26961677, false 
26961842, true 
26962024, false 
26962040, true 
26962445, true 
26962865, false 
26964162, true 
26964326, false 
26964750, false 
26965731, true 
26966507, true 
26967041, true 
26967239, false 
26968405, false 
26969293, false 
26969670, true 
26971038, true 
26972374, false 
26973205, true 
26973351, true 
26974903, true 
26975079, true 
26975469, false 
26976388, false 
26976516, true 
26978865, true 
26978886, false 
26979210, true 
26980851, false 
26981262, true 
26981482, false 
26981705, false 
26981870, true 
26982752, true 
26984092, true 
26985193, false 
26985901, false 
26986595, false 
26986946, false 
26987366, false 
26988869, false 
26989006, false 
26989170, true 
26991160, true 
26991402, true 
27030200, false 
27035203, true 
27036292, false 
27037962, false 
27038114, true 
27038260, true 
27038563, false 
27039417, false 
27039487, false 
27041808, true 
27042309, false 
27043594, true 
27045736, false 
27046536, false 
27047945, false 
27048027, false 
27048177, false 
27048604, false 
27054653, true 
27058251, false 
27060001, false 
27060052, false 
27061092, false 
27061469, false 
27061481, false 
27061683, false 
27061859, false 
27061904, false 
27062375, true 
27064317, false 
27066791, false 
27069522, true 
27070041, false 
27070755, true 
27071132, false 
27071678, false 
27072626, false 
27074270, true 
27075269, true 
27075323, false 
27076108, false 
27076197, false 
27076327, false 
27076826, true 
27078649, false 
27078729, false 
27081617, true 
27084308, false 
27090439, false 
27094847, true 
27094971, true 
27095707, false 
27097032, false 
27097094, false 
27097104, false 
27098035, false 
27098060, true 
27098123, false 
27098594, true 
27099281, false 
27099358, true 
27099709, false 
27099774, false 
27100060, false 
27100755, false 
27100861, false 
27101250, false 
27101533, false 
27101564, false 
27102458, true 
27104166, false 
27107547, false 
27107871, true 
27108444, false 
27108451, true 
27109099, true 
27109140, false 
27109148, false 
27109342, false 
27110861, false 
27111573, false 
27112965, true 
27113305, true 
27113322, false 
27113484, true 
27116512, true 
27116987, true 
27117463, false 
27118634, false 
27118725, false 
27120291, true 
27120794, true 
27121721, false 
27122760, false 
27122790, true 
27123118, true 
27123767, false 
27124116, false 
27124532, true 
27126412, false 
27126548, true 
27127112, true 
27129703, true 
27130226, false 
27132829, true 
27134828, true 
27135250, true 
27135562, false 
27135605, true 
27135937, false 
27136502, false 
27136585, false 
27136599, false 
27136601, false 
27136665, false 
27136766, false 
27136799, false 
27137268, false 
27137301, false 
27137452, false 
27137961, true 
27141983, true 
27142320, true 
27142406, false 
27142972, true 
27143201, true 
27143672, false 
27145639, false 
27145805, false 
27146678, true 
27147160, false 
27147454, false 
27147501, true 
27147995, true 
27148009, true 
27148260, false 
27148570, false 
27149017, true 
27149500, false 
27149651, false 
27150536, true 
27151023, false 
27151225, false 
27153338, false 
27154293, false 
27154882, true 
27155768, true 
27155813, false 
27156282, true 
27156990, false 
27157452, false 
27157904, true 
27157914, true 
27157923, false 
27158985, false 
27159966, true 
27162500, true 
27164002, false 
27165374, true 
27165396, false 
27166437, false 
27166522, false 
27167078, true 
27167382, false 
27167559, true 
27170754, true 
27171917, true 
27172163, true 
27174034, true 
27174050, true 
27175589, false 
27176738, false 
27179277, true 
27179450, false 
27183062, false 
27185272, true 
27186019, false 
27186457, false 
27186542, false 
27187556, true 
27189430, true 
27189432, true 
27190196, false 
27192015, false 
27192158, false 
27192623, false 
27192644, true 
27192965, true 
27193001, true 
27195998, false 
27197621, true 
27197894, false 
27198033, false 
27198796, true 
27198799, true 
27200022, true 
27200491, true 
27200727, false 
27201532, false 
27205329, false 
27205772, false 
27206055, false 
27207751, false 
27208519, true 
27208572, true 
27208635, true 
27208679, false 
27209004, false 
27210719, false 
27213136, false 
27213267, true 
27213606, false 
27214638, true 
27215338, false 
27215341, false 
27216373, true 
27217534, false 
27218410, false 
27218687, true 
27219320, false 
27219399, true 
27220234, false 
27220870, true 
27220885, true 
27222043, false 
27222922, false 
27224277, false 
27224373, false 
27224884, false 
27225580, false 
27225657, true 
27227320, true 
27227497, true 
27227522, false 
27227578, false 
27228723, false 
27230864, false 
27232186, false 
27232284, false 
27232639, false 
27235356, true 
27236334, false 
27237907, true 
27238545, true 
27239233, true 
27239893, true 
27240115, false 
27240436, true 
27241680, true 
27243904, true 
27245306, true 
27245894, true 
27246583, false 
27247884, false 
27248115, true 
27248275, false 
27250207, true 
27250295, false 
27250344, true 
27250528, false 
27250995, true 
27251075, false 
27251085, false 
27253080, true 
27257965, false 
27258801, false 
27261455, false 
27261765, true 
27262336, false 
27262341, false 
27263452, false 
27263531, false 
27264461, false 
27265238, true 
27268322, true 
27268820, true 
27269044, false 
27269699, true 
27270126, true 
27271561, false 
27271616, true 
27271765, false 
27271861, true 
27273286, false 
27273290, false 
27273457, false 
27273532, true 
27274434, false 
27274455, false 
27274494, false 
27274532, false 
27275448, true 
27275529, false 
27275799, false 
27275815, true 
27276035, false 
27276043, true 
27276087, true 
27276122, false 
27276982, true 
27276984, false 
27278313, false 
27278616, true 
27279380, false 
27284789, false 
27285299, false 
27285627, true 
27286016, false 
27286867, true 
27287868, false 
27287946, false 
27288669, false 
27289007, false 
27291666, true 
27292029, true 
27292180, false 
27292939, true 
27293150, false 
27293462, false 
27293568, false 
27293859, false 
27295423, false 
27295491, true 
27295820, true 
27296721, false 
27296839, false 
27297398, true 
27297724, false 
27297744, true 
27298560, false 
27299227, true 
27301081, false 
27301323, false 
27301579, false 
27302059, false 
27303034, false 
27303346, false 
27305383, false 
27308833, false 
27308928, true 
27310206, true 
27310381, false 
27312771, false 
27313038, false 
27313379, false 
27313462, true 
27313689, true 
27313719, true 
27314050, false 
27314561, true 
27314735, true 
27314863, false 
27315295, false 
27315386, true 
27315491, true 
27316050, false 
27316874, false 
27317122, false 
27317665, false 
27319061, false 
27319941, false 
27323867, false 
27324964, false 
27325720, false 
27326711, true 
27327287, true 
27327479, false 
27327503, true 
27328093, true 
27330415, true 
27330629, false 
27331537, true 
27334738, false 
27334750, true 
27334821, true 
27334914, false 
27335182, true 
27335311, false 
27335488, false 
27335792, false 
27336023, false 
27336728, true 
27337783, false 
27338441, false 
27338511, true 
27339484, false 
27340037, true 
27340150, false 
27340302, false 
27340422, false 
27340664, false 
27341560, true 
27341583, false 
27341740, true 
27342700, true 
27342722, true 
27343350, true 
27343480, true 
27343928, false 
27343970, false 
27344373, false 
27344527, false 
27345063, false 
27345523, true 
27345657, false 
27346047, true 
27346228, false 
27348444, false 
27349208, false 
27349209, false 
27349581, true 
27350503, true 
27350530, false 
27350647, true 
27351468, true 
27352426, false 
27353062, true 
27353099, false 
27353237, true 
27354151, false 
27355876, false 
27357146, false 
27357167, true 
27357283, true 
27357771, true 
27357836, false 
27358134, true 
27358148, false 
27359366, true 
27360179, true 
27360562, true 
27361901, false 
27363244, false 
27364129, false 
27364137, false 
27364143, true 
27364144, true 
27364161, true 
27364691, false 
27364859, true 
27364884, true 
27364889, true 
27365020, false 
27365463, false 
27365667, true 
27365672, true 
27365711, false 
27365747, true 
27365806, true 
27365818, true 
27365860, true 
27365873, true 
27365874, true 
27365880, true 
27366026, false 
27366059, false 
27366993, true 
27368515, false 
27368615, true 
27368990, false 
27370274, false 
27371430, false 
27371482, false 
27376558, false 
27376567, false 
27376882, true 
27377050, false 
27378061, false 
27378399, false 
27378995, true 
27379093, false 
27381069, true 
27381351, true 
27381362, false 
27381794, true 
27383076, false 
27383099, false 
27383277, false 
27383423, false 
27383575, false 
27383733, true 
27383941, false 
27383993, true 
27384290, true 
27384292, false 
27384433, true 
27384453, false 
27385133, false 
27385141, false 
27385555, false 
27385557, false 
27385859, true 
27386052, true 
27386126, true 
27386952, true 
27386958, false 
27387257, false 
27387346, true 
27387966, true 
27388370, true 
27388390, false 
27389156, false 
27389179, true 
27389290, false 
27389320, false 
27389556, false 
27389571, false 
27390258, true 
27391256, true 
27391290, true 
27391589, false 
27391893, true 
27392084, false 
27394497, true 
27396097, false 
27396330, true 
27396410, false 
27396825, false 
27396828, true 
27397019, true 
27397111, false 
27397233, true 
27398177, true 
27398805, false 
27401092, true 
27401160, true 
27402534, false 
27403225, false 
27403642, false 
27403679, true 
27404193, true 
27404545, false 
27406401, true 
27406730, false 
27406768, false 
27407198, true 
27407234, true 
27407637, false 
27407697, true 
27408217, false 
27408518, true 
27408677, false 
27408961, false 
27409035, false 
27409041, true 
27409783, true 
27410033, false 
27410188, false 
27410265, false 
27410989, false 
27411138, true 
27411179, true 
27411256, false 
27412530, true 
27415250, false 
27415331, false 
27417777, false 
27417780, false 
27418003, false 
27418014, true 
27418617, false 
27418846, false 
27419215, false 
27419438, true 
27419483, true 
27419554, false 
27419759, false 
27420342, false 
27423298, false 
27424857, false 
27425887, false 
27426599, false 
27426684, false 
27426688, false 
27426738, false 
27426743, false 
27427000, false 
27427010, false 
27427333, false 
27429026, true 
27429404, true 
27429645, false 
27429841, true 
27431139, true 
27431229, false 
27431395, true 
27431551, true 
27431998, false 
27432317, false 
27432949, true 
27434478, false 
27434767, false 
27434845, false 
27434873, false 
27435284, true 
27435331, true 
27436368, false 
27436418, false 
27437129, true 
27437727, false 
27438778, false 
27438917, false 
27439261, false 
27439419, false 
27441375, false 
27441906, false 
27444470, false 
27447464, false 
27448145, false 
27448511, true 
27448755, false 
27449137, false 
27449789, true 
27450489, true 
27452979, true 
27453111, false 
27453985, false 
27453994, false 
27454791, false 
27454838, true 
27454997, false 
27455025, true 
27455234, false 
27455410, false 
27455533, false 
27455564, true 
27455726, true 
27455837, false 
27456430, true 
27458894, true 
27460698, true 
27461735, false 
27462840, false 
27464570, false 
27465574, false 
27467025, false 
27469181, true 
27471334, false 
27472701, false 
27473988, false 
27474427, false 
27475444, true 
27475655, false 
27476798, false 
27477163, false 
27477422, false 
27478285, false 
27478701, false 
27479193, false 
27479369, false 
27479424, false 
27479696, false 
27480924, false 
27480935, false 
27481520, true 
27482276, true 
27483956, false 
27484017, false 
27484483, true 
27484494, false 
27484747, true 
27484957, false 
27486437, true 
27488391, true 
27490041, false 
27490262, false 
27493348, true 
27493948, false 
27494108, true 
27494315, false 
27495264, false 
27497138, true 
27497199, false 
27498061, false 
27498293, false 
27498876, false 
27501686, false 
27502465, true 
27503340, false 
27503442, false 
27503786, true 
27503877, false 
27504554, false 
27504677, true 
27504706, false 
27505472, false 
27505504, true 
27505848, true 
27506257, true 
27506874, true 
27507829, true 
27507887, false 
27510621, true 
27513595, false 
27514757, false 
27516490, true 
27516795, false 
27516933, false 
27518175, false 
27522448, true 
27523508, false 
27524556, false 
27526321, true 
27526333, true 
27526668, false 
27527669, false 
27528326, true 
27528563, false 
27528798, true 
27529505, false 
27529749, false 
27529815, false 
27529962, false 
27529989, false 
27530098, false 
27530312, false 
27530396, true 
27530944, true 
27531029, true 
27531045, true 
27531254, false 
27531260, true 
27531263, false 
27531271, true 
27531273, true 
27531286, true 
27531289, true 
27531295, true 
27531799, true 
27531824, true 
27531970, false 
27532254, true 
27532279, true 
27532280, true 
27532288, true 
27532350, true 
27532416, true 
27532422, false 
27532425, true 
27532430, true 
27532433, true 
27532561, true 
27532565, true 
27532714, true 
27532761, false 
27533004, true 
27533151, true 
27533462, false 
27533512, true 
27533667, true 
27533740, true 
27533931, false 
27534486, false 
27534592, false 
27534906, false 
27534946, false 
27534987, true 
27535181, false 
27535708, true 
27536159, false 
27536311, false 
27536480, true 
27536744, true 
27536840, true 
27536964, true 
27537808, true 
27538249, true 
27538943, false 
27538945, false 
27539337, false 
27539488, true 
27540010, false 
27540465, false 
27540566, false 
27543294, false 
27543512, false 
27546414, false 
27547051, true 
27547054, true 
27547655, false 
27548003, false 
27548183, false 
27548818, true 
27548913, true 
27549685, false 
27549770, true 
27550546, false 
27550635, true 
27550895, false 
27551139, false 
27551241, true 
27552350, true 
27553165, false 
27553319, false 
27554777, true 
27555424, false 
27555444, true 
27555885, false 
27556402, false 
27556666, false 
27557176, false 
27557526, true 
27557733, false 
27558254, false 
27558494, true 
27558595, true 
27559797, false 
27560770, false 
27560993, true 
27562099, true 
27563427, true 
27564074, false 
27564090, false 
27564967, false 
27565539, true 
27565928, false 
27566610, false 
27566650, true 
27566730, false 
27567618, false 
27567902, true 
27568161, false 
27568174, false 
27568256, false 
27569802, false 
27570398, false 
27570567, false 
27570976, false 
27571535, true 
27572149, true 
27573177, false 
27574058, true 
27576632, true 
27576902, true 
27577101, false 
27577115, true 
27577275, true 
27578805, false 
27579433, false 
27579484, false 
27579803, true 
27579806, false 
27580432, true 
27580939, false 
27581063, true 
27581845, false 
27582395, false 
27582763, false 
27582800, false 
27582839, false 
27583025, false 
27583289, false 
27583378, true 
27583869, true 
27583871, false 
27586350, false 
27587823, false 
27587980, true 
27588152, false 
27588162, false 
27588187, false 
27588223, false 
27588627, false 
27589001, false 
27589110, false 
27589217, false 
27589497, false 
27590532, true 
27591195, false 
27592767, true 
27593919, true 
27593976, true 
27595415, false 
27595423, false 
27595501, true 
27595763, true 
27595799, false 
27596418, false 
27596429, false 
27596547, true 
27596737, false 
27597108, false 
27597152, false 
27597166, true 
27597203, false 
27597678, false 
27597746, true 
27598072, false 
27598131, false 
27598623, false 
27598664, false 
27599515, true 
27599564, false 
27599572, false 
27600227, true 
27601234, false 
27601508, false 
27601827, true 
27602263, false 
27602619, true 
27602908, true 
27603986, true 
27604213, false 
27604658, false 
27604971, true 
27605330, false 
27605997, false 
27606199, false 
27607141, true 
27607148, true 
27607613, false 
27607931, true 
27610459, false 
27610709, false 
27611756, true 
27612145, true 
27613575, false 
27614052, true 
27614499, false 
27615770, true 
27616176, false 
27616556, false 
27616717, false 
27617760, false 
27618066, false 
27618311, true 
27619643, false 
27620932, true 
27621228, true 
27621461, false 
27624414, false 
27625537, false 
27625951, false 
27625965, false 
27629489, true 
27631526, true 
27633183, false 
27633360, true 
27634771, false 
27635033, true 
27635150, false 
27635189, true 
27635535, false 
27635763, true 
27636012, false 
27636804, true 
27637943, true 
27642196, true 
27642222, true 
27642236, false 
27642724, false 
27643066, false 
27643300, false 
27643305, false 
27643355, false 
27644297, true 
27644679, false 
27644685, false 
27645255, true 
27653797, false 
27653930, false 
27654124, true 
27657256, false 
27658034, false 
27659072, false 
27659731, false 
27660380, false 
27660862, false 
27665077, true 
27665091, true 
27665098, false 
27665208, false 
27665826, false 
27667787, false 
27667843, false 
27668960, false 
27672565, false 
27672974, true 
27673076, false 
27673591, false 
27673660, true 
27673736, true 
27674230, false 
27674339, true 
27674536, true 
27675371, false 
27676101, true 
27676215, false 
27676283, true 
27676858, false 
27676973, false 
27677096, false 
27680710, false 
27682974, false 
27683276, true 
27685384, false 
27686987, true 
27687126, true 
27687531, true 
27687591, false 
27687627, true 
27687659, false 
27688623, false 
27688727, true 
27689029, false 
27689078, true 
27689119, false 
27689631, true 
27690033, false 
27690490, false 
27692239, false 
27693350, false 
27693433, false 
27694933, true 
27695292, true 
27696141, false 
27696581, true 
27696905, true 
27698377, true 
27698554, true 
27698976, false 
27699194, false 
27699389, false 
27699763, false 
27700608, true 
27700919, true 
27701456, false 
27701605, false 
27702070, true 
27702159, true 
27702186, false 
27702356, true 
27702972, true 
27704583, false 
27704598, false 
27705805, true 
27706497, false 
27706598, true 
27706728, false 
27708453, true 
27708785, false 
27708810, false 
27708827, false 
27709981, true 
27711081, false 
27711587, true 
27712710, false 
27716355, false 
27717058, true 
27717431, false 
27718118, true 
27718356, false 
27718385, true 
27719581, false 
27719756, false 
27719830, false 
27719849, false 
27720082, false 
27720398, true 
27721209, true 
27721903, false 
27723098, false 
27724715, false 
27724950, false 
27725451, false 
27725763, false 
27725795, false 
27726127, true 
27727312, false 
27727320, true 
27729085, false 
27729402, false 
27733283, false 
27735850, true 
27736084, false 
27738239, true 
27740167, false 
27742039, false 
27742174, false 
27742244, true 
27742532, true 
27743087, false 
27743842, false 
27744135, false 
27744173, false 
27744376, false 
27744717, false 
27744718, false 
27744811, false 
27745102, false 
27745673, false 
27746083, false 
27746116, false 
27746455, false 
27747115, false 
27747191, true 
27747314, true 
27747650, false 
27747854, true 
27747923, true 
27750850, false 
27753707, false 
27753949, false 
27754935, false 
27759529, true 
27760331, false 
27762555, false 
27762945, false 
27763115, false 
27764094, false 
27764124, true 
27765028, true 
27765262, false 
27766193, true 
27768014, false 
27768019, false 
27774627, false 
27775427, false 
27775791, true 
27775991, true 
27776008, true 
27777706, false 
27778668, false 
27779495, true 
27779600, false 
27780548, false 
27780791, true 
27780983, true 
27781201, false 
27781559, true 
27782917, false 
27782920, false 
27784481, true 
27785116, false 
27785449, true 
27785690, false 
27785758, false 
27785974, true 
27786862, false 
27787361, false 
27787426, false 
27790353, true 
27790403, false 
27790536, false 
27791217, false 
27792581, true 
27792906, false 
27793381, true 
27795291, true 
27795350, false 
27796252, true 
27799130, false 
27803596, false 
27803966, true 
27804637, false 
27807732, false 
27807793, false 
27808364, false 
27809055, true 
27810240, false 
27810738, true 
27810783, false 
27811273, true 
27811575, false 
27811728, true 
27812202, false 
27812441, false 
27812497, false 
27814125, true 
27814329, false 
27814338, false 
27815807, false 
27815863, false 
27815919, false 
27816377, false 
27816668, false 
27817059, false 
27819843, true 
27821069, true 
27821976, true 
27821977, true 
27823158, false 
27824851, true 
27825042, false 
27826548, true 
27828117, false 
27828602, true 
27828915, true 
27829513, true 
27829562, true 
27830375, true 
27830458, true 
27830549, false 
27830659, false 
27830850, false 
27831862, false 
27831867, true 
27834014, true 
27834453, false 
27834948, true 
27835052, false 
27836776, false 
27837319, true 
27837813, false 
27840948, true 
27845319, false 
27847705, false 
27849282, false 
27850063, false 
27850430, false 
27851227, false 
27851236, false 
27851703, false 
27852443, false 
27854016, true 
27854148, true 
27855229, true 
27855302, false 
27855896, true 
27857128, false 
27857485, true 
27857640, true 
27857665, true 
27858149, true 
27858658, true 
27859516, true 
27859522, false 
27859552, false 
27859626, false 
27859630, false 
27859654, false 
27859698, true 
27859759, false 
27860101, false 
27861927, false 
27862860, false 
27864076, false 
27864285, true 
27864358, true 
27864379, false 
27864383, true 
27864389, true 
27865109, true 
27865453, false 
27868748, true 
27869246, false 
27869443, true 
27869952, false 
27870378, false 
27870534, true 
27870771, false 
27870811, false 
27871180, false 
27871492, false 
27872476, false 
27872764, true 
27873093, false 
27873847, true 
27873879, false 
27874624, false 
27875640, false 
27875726, true 
27876860, true 
27877103, false 
27877439, false 
27877821, false 
27878812, true 
27878903, true 
27878941, false 
27880443, false 
27880811, false 
27881430, false 
27884853, false 
27885860, false 
27886370, false 
27886621, false 
27887505, true 
27888859, false 
27890756, false 
27891236, false 
27891386, true 
27892709, false 
27893200, false 
27893257, false 
27893267, true 
27893870, false 
27894187, false 
27894939, false 
27894959, false 
27896341, true 
27896918, true 
27897919, false 
27899066, false 
27899444, false 
27900385, false 
27900412, false 
27900775, false 
27900925, false 
27901142, true 
27901338, true 
27901763, true 
27902478, false 
27902702, true 
27902867, false 
27902968, false 
27903217, true 
27906038, false 
27906767, false 
27907930, false 
27908871, false 
27909087, true 
27909181, false 
27910548, false 
27911877, false 
27912532, false 
27913323, true 
27914300, true 
27914346, true 
27914463, true 
27915587, true 
27916899, false 
27917299, false 
27918183, true 
27918467, false 
27919212, false 
27920114, false 
27920740, false 
27921071, true 
27921362, false 
27921659, false 
27921706, false 
27922191, false 
27922347, true 
27923197, false 
27923205, true 
27923662, true 
27924222, true 
27924655, true 
27925680, false 
27926028, false 
27927374, false 
27927931, false 
27929808, false 
27930206, true 
27931552, true 
27931814, true 
27931961, false 
27932087, true 
27932224, true 
27932489, true 
27933484, false 
27939609, true 
27940135, true 
27941148, false 
27941278, false 
27942453, false 
27944510, false 
27945066, false 
27945565, false 
27946114, false 
27946394, true 
27947344, false 
27947401, false 
27948326, false 
27948331, true 
27948392, true 
27948393, false 
27949093, false 
27949882, false 
27950067, false 
27950070, true 
27950180, false 
27950762, true 
27950763, false 
27951594, false 
27951906, true 
27952005, true 
27952053, true 
27952059, false 
27953508, false 
27953567, false 
27954437, false 
27954955, true 
27955073, true 
27957671, false 
27957736, false 
27960078, false 
27962810, false 
27962875, false 
27963013, true 
27968625, true 
27968917, false 
27969307, true 
27970692, true 
27971061, false 
27971063, false 
27971210, false 
27972184, false 
27972641, false 
27972642, true 
27972657, true 
27973681, false 
27975877, true 
27976063, true 
27976092, true 
27977906, true 
27983025, false 
27987575, true 
27987970, false 
27988877, true 
27989717, true 
27991404, true 
27991427, true 
27992761, false 
27992763, true 
27994717, true 
27995311, true 
27996121, false 
27996291, true 
27996783, true 
27997570, false 
27998068, true 
27998488, true 
27998591, true 
27999133, true 
27999343, false 
28000512, false 
28000613, false 
28001192, false 
28001482, false 
28001958, false 
28002185, true 
28002775, false 
28003503, false 
28004022, false 
28004355, true 
28004930, false 
28005632, false 
28006206, false 
28006639, false 
28007101, false 
28008032, true 
28008271, false 
28008281, true 
28008437, false 
28009206, false 
28009524, false 
28012198, true 
28012565, true 
28014191, false 
28014401, false 
28014459, false 
28015158, true 
28015188, false 
28017690, false 
28018612, false 
28019194, true 
28019486, false 
28019637, true 
28020439, true 
28020462, true 
28020781, false 
28021145, false 
28022795, true 
28023315, true 
28023419, true 
28024008, false 
28024024, false 
28024464, false 
28024606, true 
28025365, false 
28025769, false 
28026351, false 
28026463, false 
28026683, false 
28026841, true 
28026847, true 
28027468, true 
28027590, true 
28028331, false 
28029191, false 
28030603, false 
28032940, false 
28033554, false 
28034210, true 
28035606, false 
28036566, false 
28039913, true 
28039932, true 
28040141, false 
28040947, true 
28041151, false 
28041690, false 
28042177, true 
28042198, false 
28042495, false 
28042883, true 
28043709, false 
28043958, true 
28043969, false 
28043974, true 
28044251, true 
28046299, true 
28050399, true 
28050773, true 
28051109, false 
28051193, true 
28051747, true 
28052143, true 
28052438, false 
28054032, false 
28054169, false 
28054515, false 
28056917, false 
28058863, false 
28059153, false 
28060735, false 
28061319, false 
28062568, true 
28064677, false 
28065072, false 
28065407, false 
28067038, false 
28067638, false 
28068215, false 
28068298, true 
28068514, false 
28068983, false 
28069465, true 
28069681, false 
28070626, false 
28071400, false 
28071435, false 
28071518, false 
28073200, false 
28073460, false 
28074239, true 
28074284, false 
28074465, false 
28074897, false 
28075240, false 
28075359, true 
28075364, false 
28075963, false 
28075981, true 
28076605, true 
28077283, true 
28078300, false 
28078871, true 
28080869, false 
28081587, true 
28081616, false 
28082762, true 
28084272, false 
28085161, false 
28085451, true 
28086245, false 
28086503, false 
28086621, false 
28087606, true 
28087906, false 
28087937, false 
28088382, false 
28088856, true 
28088867, true 
28090199, true 
28090810, true 
28091556, false 
28091773, false 
28093387, false 
28094732, true 
28095056, false 
28095199, false 
28096052, false 
28098106, false 
28098677, false 
28098882, true 
28101625, false 
28103071, false 
28104172, false 
28104190, false 
28104329, false 
28104337, true 
28104516, false 
28105730, false 
28105733, true 
28107178, true 
28107787, false 
28107853, true 
28108421, false 
28110832, false 
28111086, true 
28111853, true 
28111989, false 
28113068, true 
28114019, false 
28114251, false 
28115106, false 
28115694, true 
28115931, true 
28116074, true 
28116427, true 
28117774, true 
28118236, false 
28118961, true 
28120156, false 
28122871, false 
28124095, false 
28125010, false 
28125289, false 
28126629, true 
28126905, true 
28129216, true 
28131249, true 
28132454, false 
28132467, true 
28132476, true 
28133561, false 
28133571, true 
28133722, false 
28133736, false 
28136734, true 
28138068, false 
28138503, true 
28138657, false 
28138736, false 
28139028, false 
28140003, false 
28140321, false 
28143514, false 
28144676, false 
28144767, false 
28145358, false 
28146354, false 
28146379, true 
28146482, false 
28148561, false 
28148563, false 
28150358, true 
28150359, false 
28151300, true 
28152042, false 
28152575, true 
28152878, false 
28153092, false 
28153575, false 
28153736, false 
28154322, true 
28154455, true 
28154836, false 
28157836, false 
28159168, true 
28160645, true 
28161359, false 
28161447, false 
28161912, false 
28163234, false 
28164677, true 
28166429, false 
28166684, false 
28166693, false 
28167977, false 
28168811, true 
28169075, true 
28169928, false 
28169973, false 
28170000, false 
28172346, false 
28173127, false 
28173410, true 
28173827, false 
28174137, true 
28174913, true 
28175282, false 
28175404, false 
28175599, true 
28175628, false 
28175714, false 
28177001, true 
28177082, false 
28177371, false 
28177406, false 
28177873, true 
28179196, true 
28179791, false 
28180748, false 
28181221, false 
28181614, false 
28182018, true 
28182307, true 
28182647, false 
28182650, false 
28182686, false 
28183335, true 
28183380, false 
28183865, true 
28184044, true 
28184155, true 
28184194, false 
28184597, true 
28184654, true 
28184751, true 
28185436, false 
28189144, false 
28190616, true 
28191555, true 
28192178, false 
28192320, false 
28192375, true 
28193862, false 
28194074, false 
28194162, true 
28194216, false 
28194522, true 
28194524, true 
28194709, true 
28195260, true 
28195831, true 
28196243, true 
28196843, false 
28196862, true 
28196918, true 
28197210, false 
28197858, false 
28199253, true 
28202119, false 
28204292, false 
28204408, true 
28204935, false 
28206428, false 
28206777, false 
28207652, false 
28210646, true 
28211502, false 
28212865, false 
28213888, true 
28214608, false 
28215216, true 
28216288, true 
28216630, true 
28217043, false 
28218991, true 
28219719, true 
28219871, true 
28220001, true 
28221875, true 
28222649, true 
28223489, true 
28223672, false 
28235047, true 
28235453, false 
28235542, false 
28235787, false 
28236574, true 
28240259, false 
28240584, true 
28240770, false 
28240784, true 
28241500, true 
28241984, false 
28242623, false 
28242626, false 
28244958, false 
28246076, false 
28246085, false 
28246165, true 
28246388, false 
28246419, true 
28247643, true 
28248314, false 
28248662, false 
28249296, false 
28251543, false 
28251945, false 
28253708, true 
28254840, true 
28255739, true 
28257206, true 
28257246, true 
28257554, true 
28257589, false 
28259217, true 
28261291, true 
28266493, true 
28267117, false 
28267951, true 
28268203, false 
28268243, false 
28268310, false 
28268899, false 
28269827, true 
28270787, false 
28271756, true 
28272737, true 
28272898, false 
28273520, false 
28275346, false 
28275874, false 
28276098, false 
28276425, false 
28276601, true 
28276885, false 
28276925, false 
28277176, false 
28278011, true 
28278372, false 
28278410, false 
28278425, false 
28281560, true 
28281740, false 
28281859, false 
28281870, false 
28283031, false 
28286051, true 
28287631, false 
28287904, false 
28288210, false 
28291423, false 
28291443, false 
28293748, true 
28293783, false 
28294644, true 
28294786, false 
28295513, true 
28295645, true 
28295743, true 
28295752, true 
28295754, false 
28295813, true 
28295815, false 
28295817, false 
28295818, true 
28295825, true 
28295831, false 
28296053, false 
28296055, true 
28296057, true 
28296059, true 
28296128, true 
28296200, false 
28296205, false 
28296251, true 
28296254, false 
28296401, true 
28296402, true 
28296945, true 
28297470, false 
28298672, false 
28299027, false 
28299529, false 
28300868, false 
28301534, false 
28302189, true 
28302564, true 
28303552, false 
28304158, true 
28304368, false 
28305085, false 
28305789, true 
28305994, false 
28306480, false 
28306834, false 
28310568, false 
28310685, false 
28312221, false 
28313291, true 
28314226, false 
28314544, true 
28314924, false 
28315242, false 
28315999, false 
28316517, true 
28317418, false 
28317442, false 
28317997, false 
28318145, true 
28318203, true 
28318359, true 
28318396, false 
28318973, true 
28319277, true 
28320187, false 
28320913, false 
28321515, false 
28321706, true 
28325996, false 
28326526, true 
28328085, true 
28329816, false 
28329835, true 
28331264, true 
28333487, true 
28333917, true 
28334197, false 
28336831, false 
28337135, true 
28339915, false 
28341003, false 
28341946, false 
28342771, false 
28342910, true 
28343440, false 
28343540, false 
28344326, true 
28344950, true 
28345240, false 
28345311, true 
28346537, true 
28348867, true 
28358465, false 
28359663, true 
28366507, true 
28366529, false 
28367678, false 
28368875, true 
28368989, false 
28368990, true 
28371168, true 
28371482, false 
28371487, true 
28371571, false 
28371792, true 
28373624, true 
28374171, false 
28375541, true 
28375835, false 
28376346, true 
28378216, false 
28378252, false 
28378359, true 
28378463, false 
28378995, false 
28380207, true 
28380795, false 
28381048, true 
28385494, false 
28386918, false 
28387883, false 
28388969, true 
28389714, true 
28389933, true 
28390108, true 
28390118, false 
28390732, false 
28392319, true 
28393601, false 
28395549, true 
28396277, false 
28396912, true 
28398205, true 
28398738, true 
28399102, true 
28400334, true 
28400885, true 
28402970, true 
28403412, false 
28404975, false 
28405145, false 
28406240, true 
28406262, false 
28406828, false 
28406866, true 
28409278, true 
28410270, true 
28411120, true 
28411852, true 
28413589, true 
28414350, false 
28417200, true 
28420826, false 
28421972, false 
28423439, false 
28423485, false 
28425614, false 
28425669, false 
28425922, true 
28426049, false 
28426800, false 
28427070, true 
28427390, true 
28428955, false 
28428970, false 
28429571, true 
28429720, false 
28431507, false 
28431831, false 
28432002, false 
28432088, true 
28434466, true 
28434641, true 
28435108, false 
28436618, false 
28437662, false 
28437963, false 
28441832, false 
28443410, false 
28444160, false 
28445644, false 
28446505, true 
28447522, false 
28447530, false 
28447739, false 
28448670, false 
28449136, false 
28451218, false 
28451239, false 
28452600, true 
28452689, false 
28452937, false 
28454727, true 
28454953, false 
28456908, false 
28459870, true 
28460668, true 
28461805, false 
28463229, false 
28463843, true 
28465914, true 
28467146, true 
28467604, false 
28467642, true 
28468120, true 
28469673, true 
28469956, true 
28469988, false 
28470079, false 
28470261, true 
28471878, false 
28472076, false 
28472831, false 
28473253, false 
28474708, false 
28479933, false 
28487506, true 
28487567, true 
28505382, false 
28506707, false 
28506739, true 
28508169, false 
28510916, true 
28511835, false 
28512889, true 
28512897, true 
28512952, false 
28512987, true 
28514727, true 
28514747, true 
28517296, true 
28517884, true 
28517964, true 
28518097, false 
28518380, true 
28518547, false 
28519185, true 
28519669, false 
28520827, false 
28520914, false 
28520971, false 
28521946, true 
28522204, false 
28523980, true 
28526281, true 
28527548, true 
28527879, false 
28527904, true 
28528058, true 
28528923, false 
28530304, true 
28530527, false 
28531536, false 
28533578, false 
28535987, false 
28536304, true 
28537596, false 
28545496, true 
28546172, true 
28550367, false 
28550654, false 
28552420, false 
28553503, true 
28553824, true 
28554048, true 
28554140, false 
28557404, false 
28557444, false 
28557603, false 
28558307, true 
28558659, false 
28559097, true 
28561056, false 
28562124, false 
28562779, true 
28563238, false 
28564003, true 
28564514, true 
28565942, false 
28567495, true 
28569078, true 
28572934, false 
28574036, true 
28575624, true 
28575870, true 
28577229, false 
28580007, true 
28580774, false 
28581070, false 
28582351, false 
28583844, false 
28585195, false 
28586844, true 
28588696, false 
28591801, false 
28594452, false 
28596354, false 
28597771, false 
28598527, true 
28598762, false 
28599066, true 
28599295, true 
28601080, true 
28601365, true 
28602381, true 
28607777, false 
28608499, true 
28610520, true 
28610549, true 
28611090, false 
28611814, true 
28611831, false 
28612421, true 
28613919, false 
28613935, false 
28614747, false 
28614768, false 
28615262, true 
28615503, false 
28616418, true 
28616488, true 
28616824, true 
28618501, true 
28619980, false 
28620132, true 
28621277, false 
28621670, false 
28621801, false 
28622866, false 
28623392, false 
28625060, false 
28625993, true 
28626591, false 
28628799, true 
28629076, true 
28629631, true 
28632136, false 
28632740, false 
28634520, false 
28634521, false 
28636072, false 
28636369, false 
28637246, true 
28638654, false 
28639227, true 
28639246, true 
28642637, false 
28643582, false 
28649955, false 
28652038, false 
28652219, true 
28655628, false 
28656236, false 
28657926, true 
28658141, true 
28658206, true 
28658632, true 
28663474, true 
28663748, false 
28664037, true 
28665081, true 
28667141, false 
28670320, false 
28671167, false 
28671284, true 
28672259, true 
28674500, false 
28675152, true 
28677158, false 
28678019, true 
28678032, false 
28678266, false 
28678310, false 
28679030, false 
28679528, true 
28680261, false 
28680336, false 
28681747, true 
28687378, false 
28689675, true 
28689868, true 
28690726, true 
28691051, false 
28691529, true 
28691735, true 
28692100, true 
28693065, true 
28694324, true 
28695661, true 
28696195, true 
28697105, true 
28701153, false 
28703989, false 
28705801, false 
28706404, true 
28708253, true 
28709242, true 
28709934, false 
28713199, false 
28714669, false 
28716456, false 
28719274, false 
28721139, false 
28721552, false 
28722017, true 
28723844, false 
28726050, false 
28727522, false 
28727532, false 
28728894, true 
28729775, false 
28730136, false 
28733079, false 
28734075, true 
28735933, false 
28736098, true 
28738725, true 
28740808, false 
28740848, true 
28742353, true 
28743335, true 
28743623, true 
28743761, true 
28744278, true 
28744782, true 
28745456, false 
28745577, true 
28745682, false 
28747244, true 
28748150, false 
28748255, false 
28748264, true 
28750034, true 
28750935, false 
28750938, false 
28751186, true 
28751534, false 
28752364, true 
28752802, true 
28754669, false 
28755086, false 
28756630, true 
28757729, true 
28760030, false 
28762547, true 
28763009, true 
28763122, true 
28763785, true 
28764678, false 
28764789, true 
28765487, true 
28767094, true 
28767380, false 
28767764, true 
28768481, true 
28768632, false 
28768855, false 
28769940, false 
28770315, false 
28770536, true 
28771617, true 
28772371, false 
28773347, false 
28774476, true 
28775488, true 
28775490, true 
28775492, false 
28775574, true 
28775576, true 
28775580, true 
28775583, true 
28775586, true 
28775590, false 
28775591, true 
28775592, true 
28784358, false 
28784397, true 
28785119, true 
28786023, false 
28786255, true 
28786740, false 
28786940, false 
28787600, false 
28793547, true 
28793778, false 
28796004, true 
28797800, true 
28800232, true 
28801010, true 
28801246, false 
28801472, false 
28802853, true 
28804546, true 
28807226, true 
28808506, true 
28810934, false 
28811636, true 
28813750, false 
28813950, false 
28817699, false 
28818092, false 
28818704, true 
28819201, false 
28819696, true 
28819765, true 
28820055, false 
28820058, false 
28821062, true 
28823898, false 
28825660, true 
28826021, false 
28828326, false 
28828415, true 
28829131, true 
28829595, false 
28829629, false 
28833479, false 
28833659, false 
28833829, true 
28833953, false 
28836448, false 
28836467, true 
28839338, false 
28839753, false 
28840532, false 
28840764, true 
28840985, false 
28842396, false 
28842445, true 
28842525, false 
28842531, false 
28842878, false 
28844154, false 
28844418, false 
28845064, false 
28848113, true 
28848683, true 
28851641, false 
28853615, true 
28857042, false 
28860721, true 
28860823, true 
28860862, false 
28861330, false 
28861513, false 
28862058, false 
28864104, false 
28864173, false 
28864193, true 
28864917, false 
28867188, false 
28867314, false 
28867548, true 
28869354, false 
28870582, true 
28872122, true 
28873992, false 
28875343, true 
28876344, true 
28878632, false 
28878708, true 
28881032, false 
28882948, true 
28885122, false 
28885989, true 
28887408, true 
28887927, false 
28888422, true 
28889197, false 
28889203, true 
28890599, false 
28899837, true 
28900939, false 
28902358, true 
28905720, true 
28906466, true 
28907033, false 
28908502, false 
28908572, false 
28908581, true 
28909500, false 
28909714, false 
28910995, false 
28911161, false 
28912213, false 
28912468, true 
28913302, true 
28913622, false 
28914756, false 
28914905, true 
28917333, false 
28919229, false 
28923320, false 
28923366, false 
28924803, false 
28928053, false 
28930361, true 
28930592, true 
28930837, false 
28932059, true 
28932100, true 
28933171, false 
28934495, false 
28934989, true 
28935363, true 
28936388, false 
28936844, false 
28941093, false 
28941131, false 
28941207, true 
28941235, false 
28941269, false 
28942558, true 
28943422, false 
28943853, true 
28945282, true 
28945863, false 
28946245, false 
28949659, true 
28949995, true 
28951799, false 
28953437, true 
28953755, false 
28953902, true 
28953956, true 
28955598, false 
28961667, true 
28962155, false 
28962396, false 
28963642, false 
28964281, true 
28964312, false 
28964745, false 
28964765, false 
28967963, true 
28968657, false 
28969280, false 
28971666, false 
28972558, true 
28972616, false 
28972648, true 
28974071, false 
28979051, true 
28980577, true 
28980761, true 
28981896, false 
28982204, false 
28982864, false 
28982873, false 
28982885, false 
28983647, false 
28986980, false 
28987432, false 
28992452, false 
28994818, true 
28997488, false 
28998083, true 
29000925, false 
29004437, false 
29011117, true 
29025892, true 
29030518, true 
29031820, true 
29032949, true 
29036694, true 
29037588, false 
29039290, true 
29042222, false 
29043079, false 
29043489, true 
29043723, false 
29045184, false 
29045331, false 
29046169, false 
29046351, false 
29046865, false 
29048161, true 
29050764, true 
29055836, false 
29055879, false 
29056149, false 
29056442, false 
29056498, true 
29057180, false 
29057218, false 
29057330, false 
29058113, true 
29063336, true 
29063413, true 
29064258, false 
29064624, false 
29068056, false 
29068371, false 
29069613, true 
29071043, false 
29072444, true 
29072773, false 
29073394, true 
29077108, false 
29080209, false 
29086229, true 
29090660, false 
29093176, false 
29095115, false 
29102740, false 
29103549, false 
29104650, false 
29105388, true 
29108549, true 
29112218, true 
29113700, true 
29113833, false 
29116156, false 
29121793, false 
29121819, true 
29122339, false 
29122576, false 
29122756, false 
29123428, true 
29126464, false 
29127065, true 
29127615, false 
29127791, true 
29133575, false 
29149415, true 
29150970, true 
29151018, false 
29158425, false 
29162822, false 
29163081, true 
29166136, true 
29167406, true 
29169863, false 
29174953, false 
29178416, false 
29178626, false 
29184073, true 
29189712, true 
29191892, false 
29192690, true 
29192742, false 
29198046, false 
29207942, false 
29208918, false 
29215157, false 
29215189, false 
29215447, false 
29223302, true 
29231515, false 
29232136, true 
29232999, true 
29233745, false 
29234237, false 
29234926, true 
29237751, true 
29240532, false 
29240786, false 
29248704, false 
29250090, false 
29250241, true 
29253539, true 
29253834, false 
29255365, true 
29258379, false 
29264326, true 
29264996, true 
29271714, false 
29273985, true 
29276588, true 
29285673, true 
29309316, false 
29311441, false 
29318819, false 
29320695, false 
29321185, false 
29322470, true 
29325623, true 
29330310, false 
29330406, false 
29339630, false 
29341417, false 
29342399, false 
29342752, true 
29355115, false 
29355382, true 
29355577, false 
29356333, true 
29357754, true 
29360411, true 
29363429, true 
29364940, true 
29367672, true 
29368064, false 
29369151, false 
29370898, false 
29374561, false 
29379789, true 
29381682, false 
29390132, false 
29390363, false 
29390902, false 
29391054, true 
29394773, false 
29402928, true 
29406644, false 
29412112, true 
29419435, false 
29424577, true 
29452288, false 
29452827, false 
29454465, false 
29456451, false 
29458487, true 
29460424, false 
29461637, true 
29462609, false 
29463339, false 
29464060, false 
29480440, true 
29488499, true 
29491065, true 
29493857, true 
29496188, true 
29497152, true 
29501052, true 
29501073, true 
29505888, false 
29506953, false 
29508547, false 
29509682, false 
29510536, false 
29512509, false 
29512540, true 
29514913, true 
29515621, true 
29518006, false 
29519485, false 
29520322, false 
29524139, true 
29540362, false 
29541155, true 
29547000, true 
29559031, true 
29574686, true 
29578243, false 
29578845, false 
29579394, false 
29580298, true 
29580579, false 
29583313, false 
29586253, false 
29586513, true 
29602363, true 
29606395, true 
29618892, true 
29619314, true 
29619461, true 
29620816, false 
29635557, true 
29738770, true 
29743482, true 
29771171, false 
29777843, false 
29779845, false 
29796385, false 
29817839, true 
29854240, false 
29865091, true 
29870392, false 
29872769, false 
29912192, true 
29915184, true 
29927488, true 
29956424, true 
29973005, true 
30032790, false 
30118654, false 
